Catagories,SalaryPRESIDENT,376599.98PRESIDENTS OFFICE OPERATIONS,376599.98VICE PRESIDENT UNIVERSITY ADVANCEMENT,311000.04CANR RESEARCH ACTIVITIES,249023.24PERFORMING ARTS FACILITIES & PROGRAMS,248205.24MSU HEALTH TEAM,231288.18ASC PROVOST FOR ACADEMIC SERVICES,220190.28MICHIGAN AGRICULTURAL EXPERIMENT STATION,209233.08MSU TECHNOLOGIES,207098.24FINANCE & OPERATIONS VP & TREASURER,202577.97"RESIDENTIAL & HOSPITALITY SERVICES, DIV",198843.84VICE PROV LIBRARIES AND IT SERVICES,197803.19COMMUNICATIONS AND BRAND STRATEGY,191000VP COMMUNICATIONS AND BRAND STRATEGY,191000"OFC FOR INCLUSION, INTERCULT INITIATIVES",189150UNIVERSITY ADVANCEMENT,188789.8PROVOSTS OFFICE,186783.14SE MI DETROIT MEDICAL CENTER,186558.38OST.MED. RESEARCH & ADV STUDY PROGRAMS,184482.12ENTERPRISE BUSINESS SYSTEMS PROJECTS,184370.04ASC VICE PRES FOR UNIVERSITY DEVELOPMENT,183280.02ASC PROV AST VP ACADEMIC HUMAN RESOURCES,182372.4VICE PRES FOR GOVERNMENTAL AFFAIRS,180450VICE PRES FOR GOVERNMENTAL AFFAIRS,180450RESEARCH & GRADUATE STUDIES VICE PRES,179734.95CONTROLLER,175100ASC PROV & ASC VP ACAD HUMAN RESOURCES,175094.44DEPARTMENT OF POLICE AND PUBLIC SAFETY,175077.24ASC VICE PRES ALUMNI ASSOCIATION,174194.64PHYSICAL PLANT ADMINISTRATION,172967.28FINANCIAL AID,169950HOLLAND INITIATIVE,168300IT SERVICES ADMINISTRATION AND PLANNING,164167.24ENVIRONMENTAL HEALTH & SAFETY,163200BUSINESS OPERATIONS,162512.13OFC OF DIVERSITY & PLURALISM,162005FACULTY & ORG DEVELOPMENT - AHR,160538.52HUMAN RESOURCES ASST VICE PRESIDENT,160490.5INVESTMENT & FINANCIAL MANAGEMENT,159297.72CONTRACT AND GRANT ADMINISTRATION,158754INTERNAL AUDIT,158199.96"RESIDENTIAL & HOSPITALITY SERVICES, DIV",157720.16OFC OF PLANNING & BDGETS,156884.04MANAGEMENT,155772.26ACCOUNTING AND INFORMATION SYSTEMS,154792.31UNIVERSITY OMBUDSPERSON,154500V.P. FOR BUS. AND FINANCE PHYSICAL PLANT,152353.66ADVANCEMENT MKTG AND COMM,152234.04DEPT OF SUPPLY CHAIN MGT,151523.6RESIDENCE EDUCATION AND HOUSING SER ADMN,150800OFFICE OF SPONSORED PROJECTS,150287.98BROADCASTING SERVICES,150000CANR ADMIN/DEAN AG & NR,149343.93GENERAL COUNSEL,148820.57GENERAL COUNSEL,148820.57REGISTRAR,148629ASC PROVOST FOR ACADEMIC SERVICES,148558.84MSU INNOVATION CENTER,147727.2CULINARY SERVICES,147108FINANCE,145342.81UNIVERSITY SERVICES,144200.04UNIVERSITY SERVICES & RECYCLING,144200.04UNIVERSITY FARMS,143266.92ELI BROAD COLLEGE OF BUSINESS DEAN,143159.48POWER AND WATER,141873.24PUBLIC UTILITIES INSTITUTE,141657ECONOMICS,141590.28STUDENT AFFAIRS & SERVICES VICE PRES,139872.04ELI BROAD COLLEGE OF BUSINESS,139094.24INTERNATIONAL STUDIES & PROGRAMS,137770.36INTERNATIONAL STUDIES & PROGRAMS DEAN,137770.36INSTITUTE OF INTERNATIONAL HEALTH,137526.52TELECOMMUNICATION SYSTEMS,137461.8CUSTODIAL SERVICES,136498.68TRANSLATION SCIENCE & MOLECULAR MED,135157.56RISK MANAGEMENT,135038.88DEPARTMENT OF MARKETING,134675.75MSU UNION,134128.8OSTEOPATHIC MEDICINE DEAN,132714.31PRTNSHP CUT HUNGER POVERTY IN AFRICA,130394.8EXECUTIVE DEVELOPMENT PROGRAMS,129298.29FACULTY GRIEVANCE OFFICIAL,129179.52ADVANCEMENT INFO SYS & DONOR STRATEGY,128750.04PSYCHIATRY,128400.35OFC INTNL RESEARCH COLLABORATION,128143.92VICE PROV LIBRARIES AND IT SERVICES,126855.11MEDICAL EDUCATION RESEARCH & DEVELOPMENT,124771.25OSTEOPATHIC MEDICAL SPECIALTIES,123124.36JULIAN SAMORA RSCH. INST.,122515.02"FAMILY MEDICINE, DEPT OF",122348.34OSTEOPATHIC MANIPULATIVE MEDICINE,121224.48PROVOST-VICE PRES FOR ACADEMIC AFFAIRS,120557.49COLLEGE OF OSTEOPATHIC MEDICINE,118704.65HUMAN MEDICINE DEAN,118665.06LEARNING & ASSESSMENT CENTER,118593.72FACILITY FOR RARE ISOTOPE BEAMS,118508.41V.P. FINANCE & OPERATIONS & TREASURER,118281.09OFFICE OF ADMISSIONS,117527.92ASSOCIATE VICE PRESIDENT FOR RESEARCH,116880.75ENTERPRISE INFORMATION STEWARDSHIP,116859.6PROGRAM IN MATHEMATICS EDUCATION,116710.09OSTEO SURGICAL SPECIALITIES,116094.24PED & HUMAN DEVELOPMENT,115898.88"REGULATORY AFFAIRS, OFFICE OF",115248.15"ADVANCED MICROSCOPY, CTR FOR",114999.77COLLEGE OF HUMAN MEDICINE,114912.62VETERINARY MEDICINE DEAN,114114.93ELECTRICAL ENGINEERING,113879.98SOCIAL SCIENCE DEAN,113636.31MSU PRESS,113415.84INST FOR PUB POLICY SOC RS,112494CTR FOR ETH & HUM IN THE LIFE SCI,112292.01RADIOLOGY,111297.86PHYS MED & REHABILITATION,111108.21CHM WEST MICHIGAN,109930.11INTERCOLLEGIATE ATHLETICS,109681.54INSTITUTE FOR HEALTH CARE STUDIES,109396.17OFFICE OF STUDY ABROAD-CENTER SUPPORT,108387JEWISH STUDIES PROGRAM,108119.48POLITICAL SCIENCE,107780.6LARGE ANML CLINICAL SCI,107209.12DIAG CTR POP & ANML HLTH,106539.89FAMILY AND COMMUNITY MEDICINE,106498.09HUMAN RESOURCES & LABOR RELATIONS,106425.07OFFICE OF CLINICAL RESEARCH-CHM,106398.27"AG, FOOD, & RESOURCE ECON",106272.32EPIDEMIOLOGY AND BIOSTATISTICS,105859.51OUTREACH & ENGAGEMENT PARTNERSHIPS,105819.58"OBSTETRICS, GYN & REPRODUCTIVE BIO",105496.97ART MUSEUM,105133.33FOOD INDUSTRY INSTITUTE,104055.03PSYCHOLOGY,103947.17CHEM ENGINEERING & MAT SCI,103708.1COLLEGE OF ENGINEERING,103446.74MEDICINE,103230.26NEUROSCIENCE PROGRAM,102820.64MECHANICAL ENGINEERING,102679.64CANCER CENTER,102472.98DEAN OF NATURAL SCIENCE,102327.68NAT'L SUPERCONDUCTING CYCLOTRON LAB,102220.67MSU HEALTH TEAM,102095.51PHARMACOLOGY TOXICOLOGY,101833.37STATISTICS & PROBABILITY,100887.39ENGINEERING DEAN,100797.46SE MI MACOMB UNIVERSITY CENTER,100701.96PEDIATRICS,100456.62MIGRANT STUDENT SERVICES,100321.56COMPUTER SCIENCE AND ENGINEERING,100292.32RADIOLOGY/SPORTS MED,99769.95OFFICE OF INTERNATIONAL STUDENTS & SCHOL,99328.92THE SCHOOL OF HOSPITALITY BUSINESS,99069.64CROP AND SOIL SCIENCES,98687.27PHYSIOLOGY,98144.94CIVIL & ENV ENGINEERING,97752.62INST FOR RES TCH & LRN ACROSS LIFE SPAN,97642.08PHYSICS-ASTRONOMY,97432.48INTEGRATIVE TOXICOLOGY,97181.34SOCIOLOGY,96599.75LEAR CORPORATION CAREER SERVICES,96358.44COMP MATL & STRUCTURES,96306CHEMISTRY,96054.5"COMMY, AG REC & RES STD",95351.57AGRICULTURE & NAT RESOURCES DEAN,95138.55OFFICE OF ACADEMIC PROGRAMS,94862.78CAMPUS PLANNING & ADMINISTRATION,94644.3USABILITY/ACCESSIBILITY RSCH CONSULTING,94622.68HORTICULTURE,94442.89SURGERY,94273.61VICE PRES RESEARCH AND GRADUATE STUDIES,94063.79CANR PUBLIC SERVICE ACTIV.,93868.75ARTS & LETTERS DEAN,93665.73COMMUNICATION,92970.24COLLEGE OF VETERINARY MEDICINE,92202.65SW MI RESEARCH & EXT CTR,91966.5COMMUNICATIVE SCIENCES & DISORD,91858.9EDUCATIONAL ADMINISTRATION,91615.07COLLEGE OF SOCIAL SCIENCE,91137.09CTR FOR STATISTICAL TRAINING CONSULTING,91000.02COLLEGE OF NATURAL SCIENCE,90876.7PATHOBIOLOGY & DIAGNOSTIC INVES,90401.61DEAN OF EDUCATION,90312.23ANIMAL SCIENCE DEPARTMENT,90283.63FORESTRY,89913.77NAT'L SUPERCONDUCTING CYCLOTRON LAB,89765.34FOOD SCI. & HUMAN NUTR.,89699.5NATL COLLAB FOR STUDY OF UNIV ENGAGEMENT,89562BIOSYSTEMS & AG ENGINEER,89443.54GLOBAL URBAN STUDIES,89385.52MATHEMATICS,89374.1PACKAGING,89291.1CRIMINAL JUSTICE,89099.92ASC PROVOST FOR UNDERGRADUATE EDUCATION,88936.01MBA PROGRAM,88498.54NEUROLOGY & OPHTHALMOLOGY,88356.09KINESIOLOGY,88317.78DIV OF ENGR RESEARCH,88086.87GEOGRAPHY,87937.39SMALL ANIMAL CLINICAL SCIENCES,86851.18ANTHROPOLOGY,85471.55"TELECOM,INFORMATION STUDIES & MEDIA",85306.78PHYSIOLOGY/HUMAN PATHLGY,85151.18MSU AGBIORESEARCH,84975.89HISTORY,84791.99COLLEGE OF AGRICULTURE & NAT RESOURCES,84092.52JAMES MADISON COLLEGE,83765.32JAMES MADISON COLLEGE DEAN,83765.32COLLEGE OF COMMUNICATION ARTS & SCIENCES,83268.55MICROBIOLOGY&MOLEC GENETICS,83236.17HUMAN DEVELOPMENT & FAMILY STD,82870.55MICHIGAN STATE UNIVERSITY EXTENSION,82754.39MUSIC,82710.32ASC PROV FOR UNIV OUTREACH & ENGAGEMENT,82490.8JOURNALISM,82136.78GRADUATE SCHOOL DEAN,81747.18MUSEUM,81384.16ENGLISH,81193.7OUTREACH & ENGAGEMENT STRATEGIC INVSTMNT,81140.04GEOLOGICAL SCIENCES,80848.17FISHERIES & WILDLIFE,80092.16MSU GLOBAL,79741.15MSU GLOBAL,79741.15COLLEGE OF MUSIC,79723"ADVERTISING, PUB REL & RETAILING",79385.04PHILOSOPHY,78399.85BIOLOGICAL SCIENCE PROGRAM,78097.72"ARTS & HUMANITIES, RESIDENTIAL COLL IN",77814.64RESIDENTIAL COLLEGE ARTS & HUMAN DEAN,77814.64NURSING,77803.55ZOOLOGY NATURAL SCIENCE,77751.26INTNL AGRICULT INSTITUTE,77729.15CREATE FOR STEM,77584.71PLANT PATHOLOGY,77393.57MSUE DIRECTOR'S OFFICE,76986.41BIOCHEMISTRY&MOLECULAR BIO,76850.31PLANT BIOLOGY,76749.3ENTOMOLOGY,76564.57ACADEMIC SERVICE LEARNING,75126.36HONORS COLLEGE DEAN,74923.48"SCHL OF PLANNING,DSGN&CNST",74908.88INTERNATIONAL STUDIES & PROGRAMS DEAN,74821.02BIOMEDICAL LABORATORY DIAGNOSTICS PROGR,74568.21SOCIAL WORK,74522.77GRADUATE SCHOOL DEAN,74498.12SUPPORTIVE SERVICES PROGRAM,72930.55KELLOGG BIOLOGICAL STATION,72930.39LIBRARIES,72929.39LIBRARIES,72929.39UOE COMMUNICATION & INFORMATION TECHNOL,71550RELIGIOUS STUDIES,70891.44VICE PRES FOR STUDENT AFFAIRS & SERVICES,70859.43WOMEN'S RESOURCE CENTER,70261CTR FOR INTEGRATIVE STD - GENERAL SCI,69522.28COLLEGE OF EDUCATION,69498CTR FOR ADV STUDY INT'L DEVEL,69459.44LAND POLICY INSTITUTE,69140.87UPWARD BOUND,68986.84CTR FOR INTEGRATIVE STD - SOCIAL SCIENCE,68954.12HONORS COLLEGE,68886.54COMMUNITY EVALUATION & RSCH COLLABRTVE,68571.27NATURAL FEATURES INVENTORY,67762.49ENVIRONMENTAL SCIENCE AND POLICY PROGRAM,67411.31ANR COMMUNICATIONS,66657.96LYMAN BRIGGS COLLEGE,65713.79LYMAN BRIGGS DEAN,65713.79COMMUNICATION ARTS AND SCIENCES DEAN,65023.33WATER RESEARCH INSTITUTE,65000.04INSTITUTE FOR CYBER-ENABLED RESEARCH,64918.5"LINGUISTICS,GERM,SLAVIC,ASIAN&AF LG",64886.55PLANT RESEARCH LAB NAT SCI,64822.32ROMANCE AND CLASSICAL STUDIES,64726.44VISITING INTNL PROFESSIONAL PRGM,64152.11ART & ART HISTORY,63650.58EXT AGRICULTURE & AGRIBUSINESS MAES,63263.73COLLEGE OF ARTS AND LETTERS,63229.53RSCH ON MATH & SCIENCE ED,62911.98STUDENT-ATHLETE SUPPORT SERVICES,62547.86"COUNSELING, ED PSY, SPEC ED",62238.65TEACHER EDUCATION,62236.8ARTS AND LETTERS WRITING CENTER,62054.76ASC PROVOST FOR UNDERGRADUATE EDUCATION,61749VETERINARY TECHNOLOGY,61668.13BAILEY SCHOLARS,61504.79TEACHING ASSISTANT PROGRAMS,60000NATIVE AMERICAN INSTITUTE,59884.25LATIN AMERICAN STUDIES CENTER,59638.38DREW LABORATORY,59583CENTER FOR GENDER IN GLOBAL CONTEXT,59430.96EXTENSION GREENING MICHIGAN,59081.79AFRICAN STUDIES CENTER,58627.64AGRICULTURAL TECH. INST.,58536.66UNIVERSITY ARCHIVES & HISTORIC COLLECT,58434.77ADMIN SUPPORT-MLK INITIATIVE,57506.7A&L INTERDEPARTMENTAL PROGRAMS,57257.45INTERNATIONAL BUSINESS CENTER,56496"WRITING, RHETORIC & AMERICAN CULTURE",56447.88MATRIX,56043ANR TECHNOLOGY SERVICES,55767.24UNDERGRADUATE UNIVERSITY DIVISION,54568.85OFF CAMPUS CREDIT PROGRAM,54364.61RESOURCE CTR FOR PERSONS W/DISABILITIES,53946.41THEATRE,53894.83BIO/COMPUTATIONAL EVOLUTION IN ACTION,53446.1EXTENSION CHILDREN AND YOUTH,52025.73EXTENSION HEALTH AND NUTRITION,51590.21INTRAMURAL SPORTS & RECREATIVE SERVICES,51585.28GLOBAL CHANGE & EARTH OBS,50082.33COUNSELING CENTER,49202.56"PROG IN WOMEN,GENDER& SOC JUST",47577.26CTR FOR INTEGRAT STD - ARTS & HUMANITIES,46309.04GREAT LAKES BIOENERGY RESEARCH CTR,44904.39ENGLISH LANGUAGE CENTER,44192.13ASIAN STUDIES CENTER,43390.67RESEARCH TECHNOL SUPPORT FACILITY - MAES,42630CNS - RESEARCH SERVICES,37530COMMY MUSIC SCHOOL,36108.23CTR FOR MICROBIAL ECOLOGY,31193.52"MATHEMATICS,SCIENCE,TECH AT MSU-HON COL",26627.96OFFICE OF STUDY ABROAD CREDIT-PROGRAM,0